Workbook

Sheet After removing missing values
A1: Country_id | B1: Country | C1: year | D1: GDP | E1: Export of Goods and Service | F1: FDInetinflows | G1: FDInetinflows | H1: Population | I1: Inf.CPI | J1: Tax.rev.%GDP | K1: Unemp.rate
A2: 1 | B2: Algeria | C2: 1970 | D2: 4.8634875e+09 | E2: 1073504640 | F2: 80120000 | G2: 80120000 | H2: 13795915 | I2: 6.6
A3: =IF(B3=B2, A2, A2+1) -> 1 | B3: Algeria | C3: 1971 | D3: 5.0772224e+09 | E3: 936367680 | F3: 600000 | G3: 600000 | H3: 14110271 | I3: 2.62664
A4: =IF(B4=B3, A3, A3+1) -> 1 | B4: Algeria | C4: 1972 | D4: 6.7667666e+09 | E4: 1383774080 | F4: 41490000 | G4: 41490000 | H4: 14439748 | I4: 3.65631
A5: =IF(B5=B4, A4, A4+1) -> 1 | B5: Algeria | C5: 1973 | D5: 8.7078479e+09 | E5: 2220820224 | F5: 51000000 | G5: 51000000 | H5: 14786469 | I5: 6.17284
A6: =IF(B6=B5, A5, A5+1) -> 1 | B6: Algeria | C6: 1974 | D6: 1.321003e+10 | E6: 5118759936 | F6: 358000000 | G6: 358000000 | H6: 15153602 | I6: 4.69961
A7: =IF(B7=B6, A6, A6+1) -> 1 | B7: Algeria | C7: 1975 | D7: 1.5557934e+10 | E7: 5241302528 | F7: 119000000 | G7: 119000000 | H7: 15724692 | I7: 8.23032
A8: =IF(B8=B7, A7, A7+1) -> 1 | B8: Algeria | C8: 1976 | D8: 1.7728347e+10 | E8: 5860031488 | F8: 187000000 | G8: 187000000 | H8: 16500516 | I8: 9.43074
A9: =IF(B9=B8, A8, A8+1) -> 1 | B9: Algeria | C9: 1977 | D9: 2.0971901e+10 | E9: 6414584832 | F9: 178452647 | G9: 178452647 | H9: 17134192 | I9: 11.9893
A10: =IF(B10=B9, A9, A9+1) -> 1 | B10: Algeria | C10: 1978 | D10: 2.6364491e+10 | E10: 6732393472 | F10: 135152172 | G10: 135152172 | H10: 17632645 | I10: 17.5239
A11: =IF(B11=B10, A10, A10+1) -> 1 | B11: Algeria | C11: 1979 | D11: 3.3243422e+10 | E11: 10354760932 | F11: 25692486 | G11: 25692486 | H11: 18166981 | I11: 11.3486
A12: =IF(B12=B11, A11, A11+1) -> 1 | B12: Algeria | C12: 1980 | D12: 4.2346381e+10 | E12: 14541095664 | F12: 348669038 | G12: 348669038 | H12: 18739378 | I12: 9.51782
A13: =IF(B13=B12, A12, A12+1) -> 1 | B13: Algeria | C13: 1981 | D13: 4.4348673e+10 | E13: 15338986631 | F13: 13207259 | G13: 13207259 | H13: 19351357 | I13: 14.6548
A14: =IF(B14=B13, A13, A13+1) -> 1 | B14: Algeria | C14: 1982 | D14: 4.5207089e+10 | E14: 13980227233 | F14: -53569193 | G14: -53569193 | H14: 20000096 | I14: 6.54251
... A20: =IF(B20=B19, A19, A19+1) -> 1 | B20: Algeria | C20: 1988 | D20: 5.9089067e+10 | E20: 9163454464 | F20: 13018265 | G20: 13018265 | H20: 24243018 | I20: 5.91154
A21: =IF(B21=B20, A20, A20+1) -> 1 | B21: Algeria | C21: 1989 | D21: 5.5634414e+10 | E21: 10369845248 | F21: 12091647 | G21: 12091647 | H21: 24889507 | I21: 9.30436 | K21: 17.64
A22: =IF(B22=B21, A21, A21+1) -> 1 | B22: Algeria | C22: 1990 | D22: 6.2048563e+10 | E22: 14546469696 | F22: 334915 | G22: 334915 | H22: 25518074 | I22: 16.6525 | K22: 21.26
A23: =IF(B23=B22, A22, A22+1) -> 1 | B23: Algeria | C23: 1991 | D23: 4.5715615e+10 | E23: 13311391352 | F23: 11638686 | G23: 11638686 | H23: 26133905 | I23: 25.8864 | K23: 20.6
A24: =IF(B24=B23, A23, A23+1) -> 1 | B24: Algeria | C24: 1992 | D24: 4.8003078e+10 | E24: 12154184704 | F24: 30000000 | G24: 30000000 | H24: 26748303 | I24: 31.6697 | K24: 24.38
A25: =IF(B25=B24, A24, A24+1) -> 1 | B25: Algeria | C25: 1993 | D25: 4.9945599e+10 | E25: 10880088064 | F25: 1000 | G25: 1000 | H25: 27354327 | I25: 20.5403 | K25: 26.23
A26: =IF(B26=B25, A25, A25+1) -> 1 | B26: Algeria | C26: 1994 | D26: 4.2543178e+10 | E26: 9585286555 | F26: 1000 | G26: 1000 | H26: 27937006 | I26: 29.0477 | K26: 27.74
A27: =IF(B27=B26, A26, A26+1) -> 1 | B27: Algeria | C27: 1995 | D27: 4.1764315e+10 | E27: 10940068840 | F27: 1000 | G27: 1000 | H27: 28478022 | I27: 29.7796 | K27: 31.84
A28: =IF(B28=B27, A27, A27+1) -> 1 | B28: Algeria | C28: 1996 | D28: 4.6941583e+10 | E28: 13970025409 | F28: 270000000 | G28: 270000000 | H28: 28984634 | I28: 18.6791
A29: =IF(B29=B28, A28, A28+1) -> 1 | B29: Algeria | C29: 1997 | D29: 4.8177612e+10 | E29: 14889922793 | F29: 260000000 | G29: 260000000 | H29: 29476031 | I29: 5.73352 | K29: 25.43
A30: =IF(B30=B29, A29, A29+1) -> 1 | B30: Algeria | C30: 1998 | D30: 4.8187748e+10 | E30: 10880000226 | F30: 606600000 | G30: 606600000 | H30: 29924668 | I30: 4.95016
A31: =IF(B31=B30, A30, A30+1) -> 1 | B31: Algeria | C31: 1999 | D31: 4.8640653e+10 | E31: 13692398973 | F31: 291600000 | G31: 291600000 | H31: 30346083 | I31: 2.64551
A32: =IF(B32=B31, A31, A31+1) -> 1 | B32: Algeria | C32: 2000 | D32: 5.4790393e+10 | E32: 23050163567 | F32: 280100000 | G32: 280100000 | H32: 30774621 | I32: 0.339163 | K32: 29.77
A33: =IF(B33=B32, A32, A32+1) -> 1 | B33: Algeria | C33: 2001 | D33: 5.4744713e+10 | E33: 20085454899 | F33: 1113105536 | G33: 1113105536 | H33: 31200985 | I33: 4.22599 | K33: 27.3
A34: =IF(B34=B33, A33, A33+1) -> 1 | B34: Algeria | C34: 2002 | D34: 5.6760356e+10 | E34: 20152501384 | F34: 1064960000 | G34: 1064960000 | H34: 31624696 | I34: 1.4183 | K34: 25.9
A35: =IF(B35=B34, A34, A34+1) -> 1 | B35: Algeria | C35: 2003 | D35: 6.7863828e+10 | E35: 25957119969 | F35: 637853056 | G35: 637853056 | H35: 32055883 | I35: 4.26895 | K35: 23.72
A36: =IF(B36=B35, A35, A35+1) -> 1 | B36: Algeria | C36: 2004 | D36: 8.5332581e+10 | E36: 34178449805 | F36: 884749028 | G36: 884749028 | H36: 32510186 | I36: 3.9618 | K36: 17.65
A37: =IF(B37=B36, A36, A36+1) -> 1 | B37: Algeria | C37: 2005 | D37: 1.0319822e+11 | E37: 48714922833 | F37: 1156000000 | G37: 1156000000 | H37: 32956690 | I37: 1.38245 | K37: 15.27
A38: =IF(B38=B37, A37, A37+1) -> 1 | B38: Algeria | C38: 2006 | D38: 1.1702731e+11 | E38: 57121832267 | F38: 1840999936 | G38: 1840999936 | H38: 33435080 | I38: 2.3115 | K38: 12.27
A39: =IF(B39=B38, A38, A38+1) -> 1 | B39: Algeria | C39: 2007 | D39: 1.3497708e+11 | E39: 63531235749 | F39: 1686736512 | G39: 1686736512 | H39: 33983827 | I39: 3.679 | K39: 13.79
A40: =IF(B40=B39, A39, A39+1) -> 1 | B40: Algeria | C40: 2008 | D40: 1.710007e+11 | E40: 82034752287 | F40: 2638607104 | G40: 2638607104 | H40: 34569592 | I40: 4.85859 | K40: 11.33
A41: =IF(B41=B40, A40, A40+1) -> 1 | B41: Algeria | C41: 2009 | D41: 1.3721104e+11 | E41: 48533809882 | F41: 2746930688 | G41: 2746930688 | H41: 35196037 | I41: 5.73706 | K41: 10.16
A42: =IF(B42=B41, A41, A41+1) -> 1 | B42: Algeria | C42: 2010 | D42: 1.6120727e+11 | E42: 61975405318 | F42: 2300369152 | G42: 2300369152 | H42: 35856344 | I42: 3.91106 | K42: 9.96
A43: =IF(B43=B42, A42, A42+1) -> 1 | B43: Algeria | C43: 2011 | D43: 2.0001305e+11 | E43: 77581299983 | F43: 2571237120 | G43: 2571237120 | H43: 36543541 | I43: 4.52421 | K43: 9.96
... A49: =IF(B49=B48, A48, A48+1) -> 1 | B49: Algeria | C49: 2017 | D49: 1.7009701e+11 | E49: 38496751462 | F49: 1230243456 | G49: 1230243456 | H49: 41136546 | I49: 5.59112 | K49: 12
A50: =IF(B50=B49, A49, A49+1) -> 1 | B50: Algeria | C50: 2018 | D50: 1.7491088e+11 | E50: 45233966129 | F50: 1466116096 | G50: 1466116096 | H50: 41927007 | I50: 4.26999
A51: =IF(B51=B50, A50, A50+1) -> 1 | B51: Algeria | C51: 2019 | D51: 1.717674e+11 | E51: 39014323824 | F51: 1381200000 | G51: 1381200000 | H51: 42705368 | I51: 1.95177
A52: =IF(B52=B51, A51, A51+1) -> 1 | B52: Algeria | C52: 2020 | D52: 1.4500918e+11 | E52: 25109483754 | F52: 1126709376 | G52: 1126709376 | H52: 43451666 | I52: 2.41513
A53: =IF(B53=B52, A52, A52+1) -> 1 | B53: Algeria | C53: 2021 | D53: 1.6304444e+11 | E53: 43343767862 | F53: 869681792 | G53: 869681792 | H53: 44177969 | I53: 7.22606
A54: =IF(B54=B53, A53, A53+1) -> 2 | B54: Argentina | C54: 1970 | D54: 3.158421e+10 | E54: 1769210624 | F54: 89770000 | G54: 89770000 | H54: 23842803 | K54: 4.8
A55: =IF(B55=B54, A54, A54+1) -> 2 | B55: Argentina | C55: 1971 | D55: 3.3293199e+10 | E55: 2000000000 | F55: 125670000 | G55: 125670000 | H55: 24223379 | K55: 6
A56: =IF(B56=B55, A55, A55+1) -> 2 | B56: Argentina | C56: 1972 | D56: 3.4733001e+10 | E56: 2500000000 | F56: 71720000 | G56: 71720000 | H56: 24612794 | K56: 6.6
A57: =IF(B57=B56, A56, A56+1) -> 2 | B57: Argentina | C57: 1973 | D57: 5.2544e+10 | E57: 4000000256 | F57: 100250000 | G57: 100250000 | H57: 25020588 | K57: 5.6
A58: =IF(B58=B57, A57, A57+1) -> 2 | B58: Argentina | C58: 1974 | D58: 7.2436777e+10 | E58: 5000000000 | F58: 17920000 | G58: 17920000 | H58: 25449754 | K58: 3.4
A59: =IF(B59=B58, A58, A58+1) -> 2 | B59: Argentina | C59: 1975 | D59: 5.2438648e+10 | E59: 3054054144 | F59: 55590000 | G59: 55590000 | H59: 25875558 | K59: 2.3
A60: =IF(B60=B59, A59, A59+1) -> 2 | B60: Argentina | C60: 1976 | D60: 5.11695e+10 | E60: 4695000064 | F60: 244680000 | G60: 244680000 | H60: 26290257 | K60: 4.5
A61: =IF(B61=B60, A60, A60+1) -> 2 | B61: Argentina | C61: 1977 | D61: 5.6781e+10 | E61: 5459999744 | F61: 144000000 | G61: 144000000 | H61: 26713780 | K61: 2.8
A62: =IF(B62=B61, A61, A61+1) -> 2 | B62: Argentina | C62: 1978 | D62: 5.808287e+10 | E62: 5000000000 | F62: 250000000 | G62: 250000000 | H62: 27146121 | K62: 2.8
A63: =IF(B63=B62, A62, A62+1) -> 2 | B63: Argentina | C63: 1979 | D63: 6.9252329e+10 | E63: 4508960597 | F63: 206000000 | G63: 206000000 | H63: 27584134 | K63: 2
A64: =IF(B64=B63, A63, A63+1) -> 2 | B64: Argentina | C64: 1980 | D64: 7.6961924e+10 | E64: 3895791555 | F64: 678000000 | G64: 678000000 | H64: 28024803 | K64: 2.3
A65: =IF(B65=B64, A64, A64+1) -> 2 | B65: Argentina | C65: 1981 | D65: 7.8676842e+10 | E65: 5445263190 | F65: 837000000 | G65: 837000000 | H65: 28471285 | K65: 4.5
... A73: =IF(B73=B72, A72, A72+1) -> 2 | B73: Argentina | C73: 1989 | D73: 7.6636898e+10 | E73: 10007559168 | F73: 1028000000 | G73: 1028000000 | H73: 32165766 | K73: 7.3
A74: =IF(B74=B73, A73, A73+1) -> 2 | B74: Argentina | C74: 1990 | D74: 1.4135237e+11 | E74: 14643450361 | F74: 1836000000 | G74: 1836000000 | H74: 32637657 | J74: 4.83851 | K74: 7.06
A75: =IF(B75=B74, A74, A74+1) -> 2 | B75: Argentina | C75: 1991 | D75: 1.8971998e+11 | E75: 14561091033 | F75: 2439000064 | G75: 2439000064 | H75: 33105763 | J75: 5.00824 | K75: 5.44
A76: =IF(B76=B75, A75, A75+1) -> 2 | B76: Argentina | C76: 1992 | D76: 2.2878862e+11 | E76: 15095902208 | F76: 4430977536 | G76: 4430977536 | H76: 33568285 | J76: 5.54792 | K76: 6.36
A77: =IF(B77=B76, A76, A76+1) -> 2 | B77: Argentina | C77: 1993 | D77: 2.3674172e+11 | E77: 16357317632 | F77: 2793085440 | G77: 2793085440 | H77: 34027240 | J77: 8.01514 | K77: 10.1
A78: =IF(B78=B77, A77, A77+1) -> 2 | B78: Argentina | C78: 1994 | D78: 257440000000 | E78: 19385100000 | F78: 3634931968 | G78: 3634931968 | H78: 34488696 | J78: 8.12644 | K78: 11.76
A79: =IF(B79=B78, A78, A78+1) -> 2 | B79: Argentina | C79: 1995 | D79: 258031750000 | E79: 24978532000 | F79: 5609423360 | G79: 5609423360 | H79: 34946110 | J79: 8.05436 | K79: 18.8
A80: =IF(B80=B79, A79, A79+1) -> 2 | B80: Argentina | C80: 1996 | D80: 272149750000 | E80: 28381400000 | F80: 6948536832 | G80: 6948536832 | H80: 35389362 | J80: 8.17179 | K80: 17.11
A81: =IF(B81=B80, A80, A80+1) -> 2 | B81: Argentina | C81: 1997 | D81: 292859000000 | E81: 30928400000 | F81: 9160271872 | G81: 9160271872 | H81: 35815971 | J81: 8.69009 | K81: 14.82
A82: =IF(B82=B81, A81, A81+1) -> 2 | B82: Argentina | C82: 1998 | D82: 298948250000 | E82: 31137200000 | F82: 7290657280 | G82: 7290657280 | H82: 36233195 | J82: 9.03053 | K82: 12.65
A83: =IF(B83=B82, A82, A82+1) -> 2 | B83: Argentina | C83: 1999 | D83: 283523000000 | E83: 27862300000 | F83: 23987695616 | G83: 23987695616 | H83: 36653031 | J83: 9.07612 | K83: 14.05
A84: =IF(B84=B83, A83, A83+1) -> 2 | B84: Argentina | C84: 2000 | D84: 284203750000 | E84: 31223690400 | F84: 10418314240 | G84: 10418314240 | H84: 37070774 | J84: 9.6226 | K84: 15
A85: =IF(B85=B84, A84, A84+1) -> 2 | B85: Argentina | C85: 2001 | D85: 268696750000 | E85: 31112418400 | F85: 2166136832 | G85: 2166136832 | H85: 37480493 | J85: 9.3249 | K85: 17.32
... A98: =IF(B98=B97, A97, A97+1) -> 2 | B98: Argentina | C98: 2014 | D98: 5.2631967e+11 | E98: 75818867911 | F98: 5065335542 | G98: 5065335542 | H98: 42669500 | J98: 12.611 | K98: 7.27
A99: =IF(B99=B98, A98, A98+1) -> 2 | B99: Argentina | C99: 2015 | D99: 5.9474929e+11 | E99: 63671789069 | F99: 11758994432 | G99: 11758994432 | H99: 43131966 | J99: 12.3365
A100: =IF(B100=B99, A99, A99+1) -> 2 | B100: Argentina | C100: 2016 | D100: 5.5753138e+11 | E100: 69842486096 | F100: 3260164352 | G100: 3260164352 | H100: 43590368 | J100: 12.0973
A101: =IF(B101=B100, A100, A100+1) -> 2 | B101: Argentina | C101: 2017 | D101: 6.4362867e+11 | E101: 72860588696 | F101: 11516861440 | G101: 11516861440 | H101: 44044811 | J101: 10.9396 | K101: 8.35
A102: =IF(B102=B101, A101, A101+1) -> 2 | B102: Argentina | C102: 2018 | D102: 5.2481974e+11 | E102: 75766577039 | F102: 11716769792 | G102: 11716769792 | H102: 44494502 | J102: 9.99239 | K102: 9.22
A103: =IF(B103=B102, A102, A102+1) -> 2 | B103: Argentina | C103: 2019 | D103: 4.4775461e+11 | E103: 80259469134 | F103: 6649187840 | G103: 6649187840 | H103: 44938712 | J103: 10.5944 | K103: 9.84
A104: =IF(B104=B103, A103, A103+1) -> 2 | B104: Argentina | C104: 2020 | D104: 3.8554022e+11 | E104: 64041594763 | F104: 4722648576 | G104: 4722648576 | H104: 45376763 | J104: 10.8715 | K104: 11.46
A105: =IF(B105=B104, A104, A104+1) -> 2 | B105: Argentina | C105: 2021 | D105: 4.8722734e+11 | E105: 87867694033 | F105: 6782348800 | G105: 6782348800 | H105: 45808747 | K105: 8.74
A106: =IF(B106=B105, A105, A105+1) -> 3 | B106: Australia | C106: 1970 | D106: 4.1331616e+10 | E106: 5354463232 | F106: 893138536 | G106: 893138536 | H106: 12507000 | I106: 3.43915
A107: =IF(B107=B106, A106, A106+1) -> 3 | B107: Australia | C107: 1971 | D107: 4.521447e+10 | E107: 5715085824 | F107: 1155158059 | G107: 1155158059 | H107: 12937000 | I107: 6.13811
A108: =IF(B108=B107, A107, A107+1) -> 3 | B108: Australia | C108: 1972 | D108: 5.2042056e+10 | E108: 6663551488 | F108: 1054014675 | G108: 1054014675 | H108: 13177000 | I108: 6.0241 | J108: 17.8414
A109: =IF(B109=B108, A108, A108+1) -> 3 | B109: Australia | C109: 1973 | D109: 6.3832159e+10 | E109: 9019858944 | F109: 135039666 | G109: 135039666 | H109: 13380000 | I109: 9.09091 | J109: 17.0189
A110: =IF(B110=B109, A109, A109+1) -> 3 | B110: Australia | C110: 1974 | D110: 8.8963891e+10 | E110: 11680177152 | F110: 1327729912 | G110: 1327729912 | H110: 13723000 | I110: 15.4167 | J110: 18.0577
A111: =IF(B111=B110, A110, A110+1) -> 3 | B111: Australia | C111: 1975 | D111: 9.7304383e+10 | E111: 13874095104 | F111: 449028697 | G111: 449028697 | H111: 13893000 | I111: 15.1625 | J111: 19.8748
A112: =IF(B112=B111, A111, A111+1) -> 3 | B112: Australia | C112: 1976 | D112: 1.0506618e+11 | E112: 14185050112 | F112: 1047313647 | G112: 1047313647 | H112: 14033000 | I112: 13.3229 | J112: 20.3002
A113: =IF(B113=B112, A112, A112+1) -> 3 | B113: Australia | C113: 1977 | D113: 1.10351e+11 | E113: 15449644032 | F113: 1141019599 | G113: 1141019599 | H113: 14192000 | I113: 12.3098 | J113: 20.5345
A114: =IF(B114=B113, A113, A113+1) -> 3 | B114: Australia | C114: 1978 | D114: 1.1849538e+11 | E114: 16123393024 | F114: 1676855615 | G114: 1676855615 | H114: 14358000 | I114: 8.00493 | J114: 20.4059
A115: =IF(B115=B114, A114, A114+1) -> 3 | B115: Australia | C115: 1979 | D115: 1.3489833e+11 | E115: 19275247075 | F115: 1489983133 | G115: 1489983133 | H115: 14514000 | I115: 9.12201 | J115: 19.7699 | K115: 6.26
A116: =IF(B116=B115, A115, A115+1) -> 3 | B116: Australia | C116: 1980 | D116: 1.499844e+11 | E116: 24616155989 | F116: 1866223965 | G116: 1866223965 | H116: 14692000 | I116: 10.1358 | J116: 20.4129 | K116: 6.11
A117: =IF(B117=B116, A116, A116+1) -> 3 | B117: Australia | C117: 1981 | D117: 1.7689191e+11 | E117: 26334610473 | F117: 2346546543 | G117: 2346546543 | H117: 14923260 | I117: 9.48767 | J117: 21.4627 | K117: 5.78
A118: =IF(B118=B117, A117, A117+1) -> 3 | B118: Australia | C118: 1982 | D118: 1.9403729e+11 | E118: 26231932031 | F118: 2286321730 | G118: 2286321730 | H118: 15184247 | I118: 11.3518 | J118: 21.5864 | K118: 7.16
A119: =IF(B119=B118, A118, A118+1) -> 3 | B119: Australia | C119: 1983 | D119: 1.772672e+11 | E119: 24060832943 | F119: 2990964045 | G119: 2990964045 | H119: 15393472 | I119: 10.0389 | J119: 21.7153 | K119: 9.96
A120: =IF(B120=B119, A119, A119+1) -> 3 | B120: Australia | C120: 1984 | D120: 1.9351929e+11 | E120: 26236189096 | F120: 428250491 | G120: 428250491 | H120: 15579391 | I120: 3.9604 | J120: 21.0133 | K120: 8.99
A121: =IF(B121=B120, A120, A120+1) -> 3 | B121: Australia | C121: 1985 | D121: 1.8063358e+11 | E121: 27497123840 | F121: 2098624894 | G121: 2098624894 | H121: 15788312 | I121: 6.73469 | J121: 22.4938 | K121: 8.26
A122: =IF(B122=B121, A121, A121+1) -> 3 | B122: Australia | C122: 1986 | D122: 1.8247202e+11 | E122: 27321628672 | F122: 5369760089 | G122: 5369760089 | H122: 16018350 | I122: 9.05035 | J122: 22.556 | K122: 8.08
A123: =IF(B123=B122, A122, A122+1) -> 3 | B123: Australia | C123: 1987 | D123: 1.8948782e+11 | E123: 29290629120 | F123: 5190522368 | G123: 5190522368 | H123: 16263874 | I123: 8.53302 | J123: 23.2122 | K123: 8.11
A124: =IF(B124=B123, A123, A123+1) -> 3 | B124: Australia | C124: 1988 | D124: 2.3615396e+11 | E124: 37674622976 | F124: 8476377088 | G124: 8476377088 | H124: 16532164 | I124: 7.21594 | J124: 23.13 | K124: 7.23
A125: =IF(B125=B124, A124, A124+1) -> 3 | B125: Australia | C125: 1989 | D125: 2.9987786e+11 | E125: 45334257664 | F125: 8023170407 | G125: 8023170407 | H125: 16814416 | I125: 7.5339 | J125: 22.6439 | K125: 6.18
A126: =IF(B126=B125, A125, A125+1) -> 3 | B126: Australia | C126: 1990 | D126: 3.1143363e+11 | E126: 47071950750 | F126: 8457776640 | G126: 8457776640 | H126: 17065128 | I126: 7.33302 | J126: 22.4295 | K126: 6.93
... A156: =IF(B156=B155, A155, A155+1) -> 3 | B156: Australia | C156: 2020 | D156: 1.3269011e+12 | E156: 318566000000 | F156: 18700681216 | G156: 18700681216 | H156: 25655289 | I156: 0.846906 | J156: 22.6119 | K156: 6.46
A157: =IF(B157=B156, A156, A156+1) -> 3 | B157: Australia | C157: 2021 | D157: 1.5526674e+12 | E157: 342754000000 | F157: 29126627328 | G157: 29126627328 | H157: 25688079 | I157: 2.86391 | K157: 5.12
A158: =IF(B158=B157, A157, A157+1) -> 4 | B158: Austria | C158: 1970 | D158: 1.5373006e+10 | E158: 4210936320 | F158: 112650000 | G158: 112650000 | H158: 7467086 | I158: 4.37282 | K158: 2.4
...

Sheet After FDI>0
A1: Country_id | B1: Country | C1: year | D1: GDP | E1: Export of Goods and Service | F1: FDInetinflows | G1: Population | H1: Inf.CPI | I1: Tax.rev.%GDP | J1: Unemp.rate
A2: 1 | B2: Algeria | C2: 1970 | D2: 4.8634875e+09 | E2: 1073504640 | F2: 80120000 | G2: 13795915 | H2: 6.6
A3: =IF(B3=B2, A2, A2+1) -> 1 | B3: Algeria | C3: 1971 | D3: 5.0772224e+09 | E3: 936367680 | F3: 600000 | G3: 14110271 | H3: 2.62664
A4: =IF(B4=B3, A3, A3+1) -> 1 | B4: Algeria | C4: 1972 | D4: 6.7667666e+09 | E4: 1383774080 | F4: 41490000 | G4: 14439748 | H4: 3.65631
A5: =IF(B5=B4, A4, A4+1) -> 1 | B5: Algeria | C5: 1973 | D5: 8.7078479e+09 | E5: 2220820224 | F5: 51000000 | G5: 14786469 | H5: 6.17284
A6: =IF(B6=B5, A5, A5+1) -> 1 | B6: Algeria | C6: 1974 | D6: 1.321003e+10 | E6: 5118759936 | F6: 358000000 | G6: 15153602 | H6: 4.69961
A7: =IF(B7=B6, A6, A6+1) -> 1 | B7: Algeria | C7: 1975 | D7: 1.5557934e+10 | E7: 5241302528 | F7: 119000000 | G7: 15724692 | H7: 8.23032
A8: =IF(B8=B7, A7, A7+1) -> 1 | B8: Algeria | C8: 1976 | D8: 1.7728347e+10 | E8: 5860031488 | F8: 187000000 | G8: 16500516 | H8: 9.43074
A9: =IF(B9=B8, A8, A8+1) -> 1 | B9: Algeria | C9: 1977 | D9: 2.0971901e+10 | E9: 6414584832 | F9: 178452647 | G9: 17134192 | H9: 11.9893
A10: =IF(B10=B9, A9, A9+1) -> 1 | B10: Algeria | C10: 1978 | D10: 2.6364491e+10 | E10: 6732393472 | F10: 135152172 | G10: 17632645 | H10: 17.5239
A11: =IF(B11=B10, A10, A10+1) -> 1 | B11: Algeria | C11: 1979 | D11: 3.3243422e+10 | E11: 10354760932 | F11: 25692486 | G11: 18166981 | H11: 11.3486
A12: =IF(B12=B11, A11, A11+1) -> 1 | B12: Algeria | C12: 1980 | D12: 4.2346381e+10 | E12: 14541095664 | F12: 348669038 | G12: 18739378 | H12: 9.51782
A13: =IF(B13=B12, A12, A12+1) -> 1 | B13: Algeria | C13: 1981 | D13: 4.4348673e+10 | E13: 15338986631 | F13: 13207259 | G13: 19351357 | H13: 14.6548
A14: =IF(B14=B13, A13, A13+1) -> 1 | B14: Algeria | C14: 1982 | D14: 4.5207089e+10 | E14: 13980227233 | F14: -53569193 | G14: 20000096 | H14: 6.54251
... A20: =IF(B20=B19, A19, A19+1) -> 1 | B20: Algeria | C20: 1988 | D20: 5.9089067e+10 | E20: 9163454464 | F20: 13018265 | G20: 24243018 | H20: 5.91154
A21: =IF(B21=B20, A20, A20+1) -> 1 | B21: Algeria | C21: 1989 | D21: 5.5634414e+10 | E21: 10369845248 | F21: 12091647 | G21: 24889507 | H21: 9.30436 | J21: 17.64
A22: =IF(B22=B21, A21, A21+1) -> 1 | B22: Algeria | C22: 1990 | D22: 6.2048563e+10 | E22: 14546469696 | F22: 334915 | G22: 25518074 | H22: 16.6525 | J22: 21.26
A23: =IF(B23=B22, A22, A22+1) -> 1 | B23: Algeria | C23: 1991 | D23: 4.5715615e+10 | E23: 13311391352 | F23: 11638686 | G23: 26133905 | H23: 25.8864 | J23: 20.6
A24: =IF(B24=B23, A23, A23+1) -> 1 | B24: Algeria | C24: 1992 | D24: 4.8003078e+10 | E24: 12154184704 | F24: 30000000 | G24: 26748303 | H24: 31.6697 | J24: 24.38
A25: =IF(B25=B24, A24, A24+1) -> 1 | B25: Algeria | C25: 1993 | D25: 4.9945599e+10 | E25: 10880088064 | F25: 1000 | G25: 27354327 | H25: 20.5403 | J25: 26.23
A26: =IF(B26=B25, A25, A25+1) -> 1 | B26: Algeria | C26: 1994 | D26: 4.2543178e+10 | E26: 9585286555 | F26: 1000 | G26: 27937006 | H26: 29.0477 | J26: 27.74
A27: =IF(B27=B26, A26, A26+1) -> 1 | B27: Algeria | C27: 1995 | D27: 4.1764315e+10 | E27: 10940068840 | F27: 1000 | G27: 28478022 | H27: 29.7796 | J27: 31.84
A28: =IF(B28=B27, A27, A27+1) -> 1 | B28: Algeria | C28: 1996 | D28: 4.6941583e+10 | E28: 13970025409 | F28: 270000000 | G28: 28984634 | H28: 18.6791
A29: =IF(B29=B28, A28, A28+1) -> 1 | B29: Algeria | C29: 1997 | D29: 4.8177612e+10 | E29: 14889922793 | F29: 260000000 | G29: 29476031 | H29: 5.73352 | J29: 25.43
A30: =IF(B30=B29, A29, A29+1) -> 1 | B30: Algeria | C30: 1998 | D30: 4.8187748e+10 | E30: 10880000226 | F30: 606600000 | G30: 29924668 | H30: 4.95016
A31: =IF(B31=B30, A30, A30+1) -> 1 | B31: Algeria | C31: 1999 | D31: 4.8640653e+10 | E31: 13692398973 | F31: 291600000 | G31: 30346083 | H31: 2.64551
A32: =IF(B32=B31, A31, A31+1) -> 1 | B32: Algeria | C32: 2000 | D32: 5.4790393e+10 | E32: 23050163567 | F32: 280100000 | G32: 30774621 | H32: 0.339163 | J32: 29.77
A33: =IF(B33=B32, A32, A32+1) -> 1 | B33: Algeria | C33: 2001 | D33: 5.4744713e+10 | E33: 20085454899 | F33: 1113105536 | G33: 31200985 | H33: 4.22599 | J33: 27.3
A34: =IF(B34=B33, A33, A33+1) -> 1 | B34: Algeria | C34: 2002 | D34: 5.6760356e+10 | E34: 20152501384 | F34: 1064960000 | G34: 31624696 | H34: 1.4183 | J34: 25.9
A35: =IF(B35=B34, A34, A34+1) -> 1 | B35: Algeria | C35: 2003 | D35: 6.7863828e+10 | E35: 25957119969 | F35: 637853056 | G35: 32055883 | H35: 4.26895 | J35: 23.72
A36: =IF(B36=B35, A35, A35+1) -> 1 | B36: Algeria | C36: 2004 | D36: 8.5332581e+10 | E36: 34178449805 | F36: 884749028 | G36: 32510186 | H36: 3.9618 | J36: 17.65
A37: =IF(B37=B36, A36, A36+1) -> 1 | B37: Algeria | C37: 2005 | D37: 1.0319822e+11 | E37: 48714922833 | F37: 1156000000 | G37: 32956690 | H37: 1.38245 | J37: 15.27
A38: =IF(B38=B37, A37, A37+1) -> 1 | B38: Algeria | C38: 2006 | D38: 1.1702731e+11 | E38: 57121832267 | F38: 1840999936 | G38: 33435080 | H38: 2.3115 | J38: 12.27
A39: =IF(B39=B38, A38, A38+1) -> 1 | B39: Algeria | C39: 2007 | D39: 1.3497708e+11 | E39: 63531235749 | F39: 1686736512 | G39: 33983827 | H39: 3.679 | J39: 13.79
A40: =IF(B40=B39, A39, A39+1) -> 1 | B40: Algeria | C40: 2008 | D40: 1.710007e+11 | E40: 82034752287 | F40: 2638607104 | G40: 34569592 | H40: 4.85859 | J40: 11.33
A41: =IF(B41=B40, A40, A40+1) -> 1 | B41: Algeria | C41: 2009 | D41: 1.3721104e+11 | E41: 48533809882 | F41: 2746930688 | G41: 35196037 | H41: 5.73706 | J41: 10.16
A42: =IF(B42=B41, A41, A41+1) -> 1 | B42: Algeria | C42: 2010 | D42: 1.6120727e+11 | E42: 61975405318 | F42: 2300369152 | G42: 35856344 | H42: 3.91106 | J42: 9.96
A43: =IF(B43=B42, A42, A42+1) -> 1 | B43: Algeria | C43: 2011 | D43: 2.0001305e+11 | E43: 77581299983 | F43: 2571237120 | G43: 36543541 | H43: 4.52421 | J43: 9.96
... A49: =IF(B49=B48, A48, A48+1) -> 1 | B49: Algeria | C49: 2017 | D49: 1.7009701e+11 | E49: 38496751462 | F49: 1230243456 | G49: 41136546 | H49: 5.59112 | J49: 12
A50: =IF(B50=B49, A49, A49+1) -> 1 | B50: Algeria | C50: 2018 | D50: 1.7491088e+11 | E50: 45233966129 | F50: 1466116096 | G50: 41927007 | H50: 4.26999
A51: =IF(B51=B50, A50, A50+1) -> 1 | B51: Algeria | C51: 2019 | D51: 1.717674e+11 | E51: 39014323824 | F51: 1381200000 | G51: 42705368 | H51: 1.95177
A52: =IF(B52=B51, A51, A51+1) -> 1 | B52: Algeria | C52: 2020 | D52: 1.4500918e+11 | E52: 25109483754 | F52: 1126709376 | G52: 43451666 | H52: 2.41513
A53: =IF(B53=B52, A52, A52+1) -> 1 | B53: Algeria | C53: 2021 | D53: 1.6304444e+11 | E53: 43343767862 | F53: 869681792 | G53: 44177969 | H53: 7.22606
A54: =IF(B54=B53, A53, A53+1) -> 2 | B54: Argentina | C54: 1970 | D54: 3.158421e+10 | E54: 1769210624 | F54: 89770000 | G54: 23842803 | J54: 4.8
A55: =IF(B55=B54, A54, A54+1) -> 2 | B55: Argentina | C55: 1971 | D55: 3.3293199e+10 | E55: 2000000000 | F55: 125670000 | G55: 24223379 | J55: 6
A56: =IF(B56=B55, A55, A55+1) -> 2 | B56: Argentina | C56: 1972 | D56: 3.4733001e+10 | E56: 2500000000 | F56: 71720000 | G56: 24612794 | J56: 6.6
A57: =IF(B57=B56, A56, A56+1) -> 2 | B57: Argentina | C57: 1973 | D57: 5.2544e+10 | E57: 4000000256 | F57: 100250000 | G57: 25020588 | J57: 5.6
A58: =IF(B58=B57, A57, A57+1) -> 2 | B58: Argentina | C58: 1974 | D58: 7.2436777e+10 | E58: 5000000000 | F58: 17920000 | G58: 25449754 | J58: 3.4
A59: =IF(B59=B58, A58, A58+1) -> 2 | B59: Argentina | C59: 1975 | D59: 5.2438648e+10 | E59: 3054054144 | F59: 55590000 | G59: 25875558 | J59: 2.3
A60: =IF(B60=B59, A59, A59+1) -> 2 | B60: Argentina | C60: 1976 | D60: 5.11695e+10 | E60: 4695000064 | F60: 244680000 | G60: 26290257 | J60: 4.5
A61: =IF(B61=B60, A60, A60+1) -> 2 | B61: Argentina | C61: 1977 | D61: 5.6781e+10 | E61: 5459999744 | F61: 144000000 | G61: 26713780 | J61: 2.8
A62: =IF(B62=B61, A61, A61+1) -> 2 | B62: Argentina | C62: 1978 | D62: 5.808287e+10 | E62: 5000000000 | F62: 250000000 | G62: 27146121 | J62: 2.8
A63: =IF(B63=B62, A62, A62+1) -> 2 | B63: Argentina | C63: 1979 | D63: 6.9252329e+10 | E63: 4508960597 | F63: 206000000 | G63: 27584134 | J63: 2
A64: =IF(B64=B63, A63, A63+1) -> 2 | B64: Argentina | C64: 1980 | D64: 7.6961924e+10 | E64: 3895791555 | F64: 678000000 | G64: 28024803 | J64: 2.3
A65: =IF(B65=B64, A64, A64+1) -> 2 | B65: Argentina | C65: 1981 | D65: 7.8676842e+10 | E65: 5445263190 | F65: 837000000 | G65: 28471285 | J65: 4.5
... A73: =IF(B73=B72, A72, A72+1) -> 2 | B73: Argentina | C73: 1989 | D73: 7.6636898e+10 | E73: 10007559168 | F73: 1028000000 | G73: 32165766 | J73: 7.3
A74: =IF(B74=B73, A73, A73+1) -> 2 | B74: Argentina | C74: 1990 | D74: 1.4135237e+11 | E74: 14643450361 | F74: 1836000000 | G74: 32637657 | I74: 4.83851 | J74: 7.06
A75: =IF(B75=B74, A74, A74+1) -> 2 | B75: Argentina | C75: 1991 | D75: 1.8971998e+11 | E75: 14561091033 | F75: 2439000064 | G75: 33105763 | I75: 5.00824 | J75: 5.44
A76: =IF(B76=B75, A75, A75+1) -> 2 | B76: Argentina | C76: 1992 | D76: 2.2878862e+11 | E76: 15095902208 | F76: 4430977536 | G76: 33568285 | I76: 5.54792 | J76: 6.36
A77: =IF(B77=B76, A76, A76+1) -> 2 | B77: Argentina | C77: 1993 | D77: 2.3674172e+11 | E77: 16357317632 | F77: 2793085440 | G77: 34027240 | I77: 8.01514 | J77: 10.1
A78: =IF(B78=B77, A77, A77+1) -> 2 | B78: Argentina | C78: 1994 | D78: 257440000000 | E78: 19385100000 | F78: 3634931968 | G78: 34488696 | I78: 8.12644 | J78: 11.76
A79: =IF(B79=B78, A78, A78+1) -> 2 | B79: Argentina | C79: 1995 | D79: 258031750000 | E79: 24978532000 | F79: 5609423360 | G79: 34946110 | I79: 8.05436 | J79: 18.8
A80: =IF(B80=B79, A79, A79+1) -> 2 | B80: Argentina | C80: 1996 | D80: 272149750000 | E80: 28381400000 | F80: 6948536832 | G80: 35389362 | I80: 8.17179 | J80: 17.11
A81: =IF(B81=B80, A80, A80+1) -> 2 | B81: Argentina | C81: 1997 | D81: 292859000000 | E81: 30928400000 | F81: 9160271872 | G81: 35815971 | I81: 8.69009 | J81: 14.82
A82: =IF(B82=B81, A81, A81+1) -> 2 | B82: Argentina | C82: 1998 | D82: 298948250000 | E82: 31137200000 | F82: 7290657280 | G82: 36233195 | I82: 9.03053 | J82: 12.65
A83: =IF(B83=B82, A82, A82+1) -> 2 | B83: Argentina | C83: 1999 | D83: 283523000000 | E83: 27862300000 | F83: 23987695616 | G83: 36653031 | I83: 9.07612 | J83: 14.05
A84: =IF(B84=B83, A83, A83+1) -> 2 | B84: Argentina | C84: 2000 | D84: 284203750000 | E84: 31223690400 | F84: 10418314240 | G84: 37070774 | I84: 9.6226 | J84: 15
A85: =IF(B85=B84, A84, A84+1) -> 2 | B85: Argentina | C85: 2001 | D85: 268696750000 | E85: 31112418400 | F85: 2166136832 | G85: 37480493 | I85: 9.3249 | J85: 17.32
... A98: =IF(B98=B97, A97, A97+1) -> 2 | B98: Argentina | C98: 2014 | D98: 5.2631967e+11 | E98: 75818867911 | F98: 5065335542 | G98: 42669500 | I98: 12.611 | J98: 7.27
A99: =IF(B99=B98, A98, A98+1) -> 2 | B99: Argentina | C99: 2015 | D99: 5.9474929e+11 | E99: 63671789069 | F99: 11758994432 | G99: 43131966 | I99: 12.3365
A100: =IF(B100=B99, A99, A99+1) -> 2 | B100: Argentina | C100: 2016 | D100: 5.5753138e+11 | E100: 69842486096 | F100: 3260164352 | G100: 43590368 | I100: 12.0973
A101: =IF(B101=B100, A100, A100+1) -> 2 | B101: Argentina | C101: 2017 | D101: 6.4362867e+11 | E101: 72860588696 | F101: 11516861440 | G101: 44044811 | I101: 10.9396 | J101: 8.35
A102: =IF(B102=B101, A101, A101+1) -> 2 | B102: Argentina | C102: 2018 | D102: 5.2481974e+11 | E102: 75766577039 | F102: 11716769792 | G102: 44494502 | I102: 9.99239 | J102: 9.22
A103: =IF(B103=B102, A102, A102+1) -> 2 | B103: Argentina | C103: 2019 | D103: 4.4775461e+11 | E103: 80259469134 | F103: 6649187840 | G103: 44938712 | I103: 10.5944 | J103: 9.84
A104: =IF(B104=B103, A103, A103+1) -> 2 | B104: Argentina | C104: 2020 | D104: 3.8554022e+11 | E104: 64041594763 | F104: 4722648576 | G104: 45376763 | I104: 10.8715 | J104: 11.46
A105: =IF(B105=B104, A104, A104+1) -> 2 | B105: Argentina | C105: 2021 | D105: 4.8722734e+11 | E105: 87867694033 | F105: 6782348800 | G105: 45808747 | J105: 8.74
A106: =IF(B106=B105, A105, A105+1) -> 3 | B106: Australia | C106: 1970 | D106: 4.1331616e+10 | E106: 5354463232 | F106: 893138536 | G106: 12507000 | H106: 3.43915
A107: =IF(B107=B106, A106, A106+1) -> 3 | B107: Australia | C107: 1971 | D107: 4.521447e+10 | E107: 5715085824 | F107: 1155158059 | G107: 12937000 | H107: 6.13811
A108: =IF(B108=B107, A107, A107+1) -> 3 | B108: Australia | C108: 1972 | D108: 5.2042056e+10 | E108: 6663551488 | F108: 1054014675 | G108: 13177000 | H108: 6.0241 | I108: 17.8414
A109: =IF(B109=B108, A108, A108+1) -> 3 | B109: Australia | C109: 1973 | D109: 6.3832159e+10 | E109: 9019858944 | F109: 135039666 | G109: 13380000 | H109: 9.09091 | I109: 17.0189
A110: =IF(B110=B109, A109, A109+1) -> 3 | B110: Australia | C110: 1974 | D110: 8.8963891e+10 | E110: 11680177152 | F110: 1327729912 | G110: 13723000 | H110: 15.4167 | I110: 18.0577
A111: =IF(B111=B110, A110, A110+1) -> 3 | B111: Australia | C111: 1975 | D111: 9.7304383e+10 | E111: 13874095104 | F111: 449028697 | G111: 13893000 | H111: 15.1625 | I111: 19.8748
A112: =IF(B112=B111, A111, A111+1) -> 3 | B112: Australia | C112: 1976 | D112: 1.0506618e+11 | E112: 14185050112 | F112: 1047313647 | G112: 14033000 | H112: 13.3229 | I112: 20.3002
A113: =IF(B113=B112, A112, A112+1) -> 3 | B113: Australia | C113: 1977 | D113: 1.10351e+11 | E113: 15449644032 | F113: 1141019599 | G113: 14192000 | H113: 12.3098 | I113: 20.5345
A114: =IF(B114=B113, A113, A113+1) -> 3 | B114: Australia | C114: 1978 | D114: 1.1849538e+11 | E114: 16123393024 | F114: 1676855615 | G114: 14358000 | H114: 8.00493 | I114: 20.4059
A115: =IF(B115=B114, A114, A114+1) -> 3 | B115: Australia | C115: 1979 | D115: 1.3489833e+11 | E115: 19275247075 | F115: 1489983133 | G115: 14514000 | H115: 9.12201 | I115: 19.7699 | J115: 6.26
A116: =IF(B116=B115, A115, A115+1) -> 3 | B116: Australia | C116: 1980 | D116: 1.499844e+11 | E116: 24616155989 | F116: 1866223965 | G116: 14692000 | H116: 10.1358 | I116: 20.4129 | J116: 6.11
A117: =IF(B117=B116, A116, A116+1) -> 3 | B117: Australia | C117: 1981 | D117: 1.7689191e+11 | E117: 26334610473 | F117: 2346546543 | G117: 14923260 | H117: 9.48767 | I117: 21.4627 | J117: 5.78
A118: =IF(B118=B117, A117, A117+1) -> 3 | B118: Australia | C118: 1982 | D118: 1.9403729e+11 | E118: 26231932031 | F118: 2286321730 | G118: 15184247 | H118: 11.3518 | I118: 21.5864 | J118: 7.16
A119: =IF(B119=B118, A118, A118+1) -> 3 | B119: Australia | C119: 1983 | D119: 1.772672e+11 | E119: 24060832943 | F119: 2990964045 | G119: 15393472 | H119: 10.0389 | I119: 21.7153 | J119: 9.96
A120: =IF(B120=B119, A119, A119+1) -> 3 | B120: Australia | C120: 1984 | D120: 1.9351929e+11 | E120: 26236189096 | F120: 428250491 | G120: 15579391 | H120: 3.9604 | I120: 21.0133 | J120: 8.99
A121: =IF(B121=B120, A120, A120+1) -> 3 | B121: Australia | C121: 1985 | D121: 1.8063358e+11 | E121: 27497123840 | F121: 2098624894 | G121: 15788312 | H121: 6.73469 | I121: 22.4938 | J121: 8.26
A122: =IF(B122=B121, A121, A121+1) -> 3 | B122: Australia | C122: 1986 | D122: 1.8247202e+11 | E122: 27321628672 | F122: 5369760089 | G122: 16018350 | H122: 9.05035 | I122: 22.556 | J122: 8.08
A123: =IF(B123=B122, A122, A122+1) -> 3 | B123: Australia | C123: 1987 | D123: 1.8948782e+11 | E123: 29290629120 | F123: 5190522368 | G123: 16263874 | H123: 8.53302 | I123: 23.2122 | J123: 8.11
A124: =IF(B124=B123, A123, A123+1) -> 3 | B124: Australia | C124: 1988 | D124: 2.3615396e+11 | E124: 37674622976 | F124: 8476377088 | G124: 16532164 | H124: 7.21594 | I124: 23.13 | J124: 7.23
A125: =IF(B125=B124, A124, A124+1) -> 3 | B125: Australia | C125: 1989 | D125: 2.9987786e+11 | E125: 45334257664 | F125: 8023170407 | G125: 16814416 | H125: 7.5339 | I125: 22.6439 | J125: 6.18
A126: =IF(B126=B125, A125, A125+1) -> 3 | B126: Australia | C126: 1990 | D126: 3.1143363e+11 | E126: 47071950750 | F126: 8457776640 | G126: 17065128 | H126: 7.33302 | I126: 22.4295 | J126: 6.93
... A156: =IF(B156=B155, A155, A155+1) -> 3 | B156: Australia | C156: 2020 | D156: 1.3269011e+12 | E156: 318566000000 | F156: 18700681216 | G156: 25655289 | H156: 0.846906 | I156: 22.6119 | J156: 6.46
A157: =IF(B157=B156, A156, A156+1) -> 3 | B157: Australia | C157: 2021 | D157: 1.5526674e+12 | E157: 342754000000 | F157: 29126627328 | G157: 25688079 | H157: 2.86391 | J157: 5.12
A158: =IF(B158=B157, A157, A157+1) -> 4 | B158: Austria | C158: 1970 | D158: 1.5373006e+10 | E158: 4210936320 | F158: 112650000 | G158: 7467086 | H158: 4.37282 | J158: 2.4
...

Sheet FDI>0
A1: Country_id | B1: Country | C1: year | D1: GDP | E1: Export of Goods and Service | F1: FDInetinflows | G1: Population | H1: Inf.CPI | I1: Tax.rev.%GDP | J1: Unemp.rate
A2: 1 | B2: Algeria | C2: 1970 | D2: 4.8634875e+09 | E2: 1073504640 | F2: 80120000 | G2: 13795915 | H2: 6.6
A3: 1 | B3: Algeria | C3: 1971 | D3: 5.0772224e+09 | E3: 936367680 | F3: 600000 | G3: 14110271 | H3: 2.62664
A4: 1 | B4: Algeria | C4: 1972 | D4: 6.7667666e+09 | E4: 1383774080 | F4: 41490000 | G4: 14439748 | H4: 3.65631
A5: 1 | B5: Algeria | C5: 1973 | D5: 8.7078479e+09 | E5: 2220820224 | F5: 51000000 | G5: 14786469 | H5: 6.17284
A6: 1 | B6: Algeria | C6: 1974 | D6: 1.321003e+10 | E6: 5118759936 | F6: 358000000 | G6: 15153602 | H6: 4.69961
A7: 1 | B7: Algeria | C7: 1975 | D7: 1.5557934e+10 | E7: 5241302528 | F7: 119000000 | G7: 15724692 | H7: 8.23032
A8: 1 | B8: Algeria | C8: 1976 | D8: 1.7728347e+10 | E8: 5860031488 | F8: 187000000 | G8: 16500516 | H8: 9.43074
A9: 1 | B9: Algeria | C9: 1977 | D9: 2.0971901e+10 | E9: 6414584832 | F9: 178452647 | G9: 17134192 | H9: 11.9893
A10: 1 | B10: Algeria | C10: 1978 | D10: 2.6364491e+10 | E10: 6732393472 | F10: 135152172 | G10: 17632645 | H10: 17.5239
A11: 1 | B11: Algeria | C11: 1979 | D11: 3.3243422e+10 | E11: 10354760932 | F11: 25692486 | G11: 18166981 | H11: 11.3486
A12: 1 | B12: Algeria | C12: 1980 | D12: 4.2346381e+10 | E12: 14541095664 | F12: 348669038 | G12: 18739378 | H12: 9.51782
A13: 1 | B13: Algeria | C13: 1981 | D13: 4.4348673e+10 | E13: 15338986631 | F13: 13207259 | G13: 19351357 | H13: 14.6548
... A19: 1 | B19: Algeria | C19: 1988 | D19: 5.9089067e+10 | E19: 9163454464 | F19: 13018265 | G19: 24243018 | H19: 5.91154
A20: 1 | B20: Algeria | C20: 1989 | D20: 5.5634414e+10 | E20: 10369845248 | F20: 12091647 | G20: 24889507 | H20: 9.30436 | J20: 17.64
A21: 1 | B21: Algeria | C21: 1990 | D21: 6.2048563e+10 | E21: 14546469696 | F21: 334915 | G21: 25518074 | H21: 16.6525 | J21: 21.26
A22: 1 | B22: Algeria | C22: 1991 | D22: 4.5715615e+10 | E22: 13311391352 | F22: 11638686 | G22: 26133905 | H22: 25.8864 | J22: 20.6
A23: 1 | B23: Algeria | C23: 1992 | D23: 4.8003078e+10 | E23: 12154184704 | F23: 30000000 | G23: 26748303 | H23: 31.6697 | J23: 24.38
A24: 1 | B24: Algeria | C24: 1993 | D24: 4.9945599e+10 | E24: 10880088064 | F24: 1000 | G24: 27354327 | H24: 20.5403 | J24: 26.23
A25: 1 | B25: Algeria | C25: 1994 | D25: 4.2543178e+10 | E25: 9585286555 | F25: 1000 | G25: 27937006 | H25: 29.0477 | J25: 27.74
A26: 1 | B26: Algeria | C26: 1995 | D26: 4.1764315e+10 | E26: 10940068840 | F26: 1000 | G26: 28478022 | H26: 29.7796 | J26: 31.84
A27: 1 | B27: Algeria | C27: 1996 | D27: 4.6941583e+10 | E27: 13970025409 | F27: 270000000 | G27: 28984634 | H27: 18.6791
A28: 1 | B28: Algeria | C28: 1997 | D28: 4.8177612e+10 | E28: 14889922793 | F28: 260000000 | G28: 29476031 | H28: 5.73352 | J28: 25.43
A29: 1 | B29: Algeria | C29: 1998 | D29: 4.8187748e+10 | E29: 10880000226 | F29: 606600000 | G29: 29924668 | H29: 4.95016
A30: 1 | B30: Algeria | C30: 1999 | D30: 4.8640653e+10 | E30: 13692398973 | F30: 291600000 | G30: 30346083 | H30: 2.64551
A31: 1 | B31: Algeria | C31: 2000 | D31: 5.4790393e+10 | E31: 23050163567 | F31: 280100000 | G31: 30774621 | H31: 0.339163 | J31: 29.77
A32: 1 | B32: Algeria | C32: 2001 | D32: 5.4744713e+10 | E32: 20085454899 | F32: 1113105536 | G32: 31200985 | H32: 4.22599 | J32: 27.3
A33: 1 | B33: Algeria | C33: 2002 | D33: 5.6760356e+10 | E33: 20152501384 | F33: 1064960000 | G33: 31624696 | H33: 1.4183 | J33: 25.9
A34: 1 | B34: Algeria | C34: 2003 | D34: 6.7863828e+10 | E34: 25957119969 | F34: 637853056 | G34: 32055883 | H34: 4.26895 | J34: 23.72
A35: 1 | B35: Algeria | C35: 2004 | D35: 8.5332581e+10 | E35: 34178449805 | F35: 884749028 | G35: 32510186 | H35: 3.9618 | J35: 17.65
A36: 1 | B36: Algeria | C36: 2005 | D36: 1.0319822e+11 | E36: 48714922833 | F36: 1156000000 | G36: 32956690 | H36: 1.38245 | J36: 15.27
A37: 1 | B37: Algeria | C37: 2006 | D37: 1.1702731e+11 | E37: 57121832267 | F37: 1840999936 | G37: 33435080 | H37: 2.3115 | J37: 12.27
A38: 1 | B38: Algeria | C38: 2007 | D38: 1.3497708e+11 | E38: 63531235749 | F38: 1686736512 | G38: 33983827 | H38: 3.679 | J38: 13.79
A39: 1 | B39: Algeria | C39: 2008 | D39: 1.710007e+11 | E39: 82034752287 | F39: 2638607104 | G39: 34569592 | H39: 4.85859 | J39: 11.33
A40: 1 | B40: Algeria | C40: 2009 | D40: 1.3721104e+11 | E40: 48533809882 | F40: 2746930688 | G40: 35196037 | H40: 5.73706 | J40: 10.16
A41: 1 | B41: Algeria | C41: 2010 | D41: 1.6120727e+11 | E41: 61975405318 | F41: 2300369152 | G41: 35856344 | H41: 3.91106 | J41: 9.96
A42: 1 | B42: Algeria | C42: 2011 | D42: 2.0001305e+11 | E42: 77581299983 | F42: 2571237120 | G42: 36543541 | H42: 4.52421 | J42: 9.96
... A47: 1 | B47: Algeria | C47: 2017 | D47: 1.7009701e+11 | E47: 38496751462 | F47: 1230243456 | G47: 41136546 | H47: 5.59112 | J47: 12
A48: 1 | B48: Algeria | C48: 2018 | D48: 1.7491088e+11 | E48: 45233966129 | F48: 1466116096 | G48: 41927007 | H48: 4.26999
A49: 1 | B49: Algeria | C49: 2019 | D49: 1.717674e+11 | E49: 39014323824 | F49: 1381200000 | G49: 42705368 | H49: 1.95177
A50: 1 | B50: Algeria | C50: 2020 | D50: 1.4500918e+11 | E50: 25109483754 | F50: 1126709376 | G50: 43451666 | H50: 2.41513
A51: 1 | B51: Algeria | C51: 2021 | D51: 1.6304444e+11 | E51: 43343767862 | F51: 869681792 | G51: 44177969 | H51: 7.22606
A52: 2 | B52: Argentina | C52: 1970 | D52: 3.158421e+10 | E52: 1769210624 | F52: 89770000 | G52: 23842803 | J52: 4.8
A53: 2 | B53: Argentina | C53: 1971 | D53: 3.3293199e+10 | E53: 2000000000 | F53: 125670000 | G53: 24223379 | J53: 6
A54: 2 | B54: Argentina | C54: 1972 | D54: 3.4733001e+10 | E54: 2500000000 | F54: 71720000 | G54: 24612794 | J54: 6.6
A55: 2 | B55: Argentina | C55: 1973 | D55: 5.2544e+10 | E55: 4000000256 | F55: 100250000 | G55: 25020588 | J55: 5.6
A56: 2 | B56: Argentina | C56: 1974 | D56: 7.2436777e+10 | E56: 5000000000 | F56: 17920000 | G56: 25449754 | J56: 3.4
A57: 2 | B57: Argentina | C57: 1975 | D57: 5.2438648e+10 | E57: 3054054144 | F57: 55590000 | G57: 25875558 | J57: 2.3
A58: 2 | B58: Argentina | C58: 1976 | D58: 5.11695e+10 | E58: 4695000064 | F58: 244680000 | G58: 26290257 | J58: 4.5
A59: 2 | B59: Argentina | C59: 1977 | D59: 5.6781e+10 | E59: 5459999744 | F59: 144000000 | G59: 26713780 | J59: 2.8
A60: 2 | B60: Argentina | C60: 1978 | D60: 5.808287e+10 | E60: 5000000000 | F60: 250000000 | G60: 27146121 | J60: 2.8
A61: 2 | B61: Argentina | C61: 1979 | D61: 6.9252329e+10 | E61: 4508960597 | F61: 206000000 | G61: 27584134 | J61: 2
A62: 2 | B62: Argentina | C62: 1980 | D62: 7.6961924e+10 | E62: 3895791555 | F62: 678000000 | G62: 28024803 | J62: 2.3
A63: 2 | B63: Argentina | C63: 1981 | D63: 7.8676842e+10 | E63: 5445263190 | F63: 837000000 | G63: 28471285 | J63: 4.5
... A70: 2 | B70: Argentina | C70: 1989 | D70: 7.6636898e+10 | E70: 10007559168 | F70: 1028000000 | G70: 32165766 | J70: 7.3
A71: 2 | B71: Argentina | C71: 1990 | D71: 1.4135237e+11 | E71: 14643450361 | F71: 1836000000 | G71: 32637657 | I71: 4.83851 | J71: 7.06
A72: 2 | B72: Argentina | C72: 1991 | D72: 1.8971998e+11 | E72: 14561091033 | F72: 2439000064 | G72: 33105763 | I72: 5.00824 | J72: 5.44
A73: 2 | B73: Argentina | C73: 1992 | D73: 2.2878862e+11 | E73: 15095902208 | F73: 4430977536 | G73: 33568285 | I73: 5.54792 | J73: 6.36
A74: 2 | B74: Argentina | C74: 1993 | D74: 2.3674172e+11 | E74: 16357317632 | F74: 2793085440 | G74: 34027240 | I74: 8.01514 | J74: 10.1
A75: 2 | B75: Argentina | C75: 1994 | D75: 257440000000 | E75: 19385100000 | F75: 3634931968 | G75: 34488696 | I75: 8.12644 | J75: 11.76
A76: 2 | B76: Argentina | C76: 1995 | D76: 258031750000 | E76: 24978532000 | F76: 5609423360 | G76: 34946110 | I76: 8.05436 | J76: 18.8
A77: 2 | B77: Argentina | C77: 1996 | D77: 272149750000 | E77: 28381400000 | F77: 6948536832 | G77: 35389362 | I77: 8.17179 | J77: 17.11
A78: 2 | B78: Argentina | C78: 1997 | D78: 292859000000 | E78: 30928400000 | F78: 9160271872 | G78: 35815971 | I78: 8.69009 | J78: 14.82
A79: 2 | B79: Argentina | C79: 1998 | D79: 298948250000 | E79: 31137200000 | F79: 7290657280 | G79: 36233195 | I79: 9.03053 | J79: 12.65
A80: 2 | B80: Argentina | C80: 1999 | D80: 283523000000 | E80: 27862300000 | F80: 23987695616 | G80: 36653031 | I80: 9.07612 | J80: 14.05
A81: 2 | B81: Argentina | C81: 2000 | D81: 284203750000 | E81: 31223690400 | F81: 10418314240 | G81: 37070774 | I81: 9.6226 | J81: 15
A82: 2 | B82: Argentina | C82: 2001 | D82: 268696750000 | E82: 31112418400 | F82: 2166136832 | G82: 37480493 | I82: 9.3249 | J82: 17.32
... A95: 2 | B95: Argentina | C95: 2014 | D95: 5.2631967e+11 | E95: 75818867911 | F95: 5065335542 | G95: 42669500 | I95: 12.611 | J95: 7.27
A96: 2 | B96: Argentina | C96: 2015 | D96: 5.9474929e+11 | E96: 63671789069 | F96: 11758994432 | G96: 43131966 | I96: 12.3365
A97: 2 | B97: Argentina | C97: 2016 | D97: 5.5753138e+11 | E97: 69842486096 | F97: 3260164352 | G97: 43590368 | I97: 12.0973
A98: 2 | B98: Argentina | C98: 2017 | D98: 6.4362867e+11 | E98: 72860588696 | F98: 11516861440 | G98: 44044811 | I98: 10.9396 | J98: 8.35
A99: 2 | B99: Argentina | C99: 2018 | D99: 5.2481974e+11 | E99: 75766577039 | F99: 11716769792 | G99: 44494502 | I99: 9.99239 | J99: 9.22
A100: 2 | B100: Argentina | C100: 2019 | D100: 4.4775461e+11 | E100: 80259469134 | F100: 6649187840 | G100: 44938712 | I100: 10.5944 | J100: 9.84
A101: 2 | B101: Argentina | C101: 2020 | D101: 3.8554022e+11 | E101: 64041594763 | F101: 4722648576 | G101: 45376763 | I101: 10.8715 | J101: 11.46
A102: 2 | B102: Argentina | C102: 2021 | D102: 4.8722734e+11 | E102: 87867694033 | F102: 6782348800 | G102: 45808747 | J102: 8.74
A103: 3 | B103: Australia | C103: 1970 | D103: 4.1331616e+10 | E103: 5354463232 | F103: 893138536 | G103: 12507000 | H103: 3.43915
A104: 3 | B104: Australia | C104: 1971 | D104: 4.521447e+10 | E104: 5715085824 | F104: 1155158059 | G104: 12937000 | H104: 6.13811
A105: 3 | B105: Australia | C105: 1972 | D105: 5.2042056e+10 | E105: 6663551488 | F105: 1054014675 | G105: 13177000 | H105: 6.0241 | I105: 17.8414
A106: 3 | B106: Australia | C106: 1973 | D106: 6.3832159e+10 | E106: 9019858944 | F106: 135039666 | G106: 13380000 | H106: 9.09091 | I106: 17.0189
A107: 3 | B107: Australia | C107: 1974 | D107: 8.8963891e+10 | E107: 11680177152 | F107: 1327729912 | G107: 13723000 | H107: 15.4167 | I107: 18.0577
A108: 3 | B108: Australia | C108: 1975 | D108: 9.7304383e+10 | E108: 13874095104 | F108: 449028697 | G108: 13893000 | H108: 15.1625 | I108: 19.8748
A109: 3 | B109: Australia | C109: 1976 | D109: 1.0506618e+11 | E109: 14185050112 | F109: 1047313647 | G109: 14033000 | H109: 13.3229 | I109: 20.3002
A110: 3 | B110: Australia | C110: 1977 | D110: 1.10351e+11 | E110: 15449644032 | F110: 1141019599 | G110: 14192000 | H110: 12.3098 | I110: 20.5345
A111: 3 | B111: Australia | C111: 1978 | D111: 1.1849538e+11 | E111: 16123393024 | F111: 1676855615 | G111: 14358000 | H111: 8.00493 | I111: 20.4059
A112: 3 | B112: Australia | C112: 1979 | D112: 1.3489833e+11 | E112: 19275247075 | F112: 1489983133 | G112: 14514000 | H112: 9.12201 | I112: 19.7699 | J112: 6.26
A113: 3 | B113: Australia | C113: 1980 | D113: 1.499844e+11 | E113: 24616155989 | F113: 1866223965 | G113: 14692000 | H113: 10.1358 | I113: 20.4129 | J113: 6.11
A114: 3 | B114: Australia | C114: 1981 | D114: 1.7689191e+11 | E114: 26334610473 | F114: 2346546543 | G114: 14923260 | H114: 9.48767 | I114: 21.4627 | J114: 5.78
A115: 3 | B115: Australia | C115: 1982 | D115: 1.9403729e+11 | E115: 26231932031 | F115: 2286321730 | G115: 15184247 | H115: 11.3518 | I115: 21.5864 | J115: 7.16
A116: 3 | B116: Australia | C116: 1983 | D116: 1.772672e+11 | E116: 24060832943 | F116: 2990964045 | G116: 15393472 | H116: 10.0389 | I116: 21.7153 | J116: 9.96
A117: 3 | B117: Australia | C117: 1984 | D117: 1.9351929e+11 | E117: 26236189096 | F117: 428250491 | G117: 15579391 | H117: 3.9604 | I117: 21.0133 | J117: 8.99
A118: 3 | B118: Australia | C118: 1985 | D118: 1.8063358e+11 | E118: 27497123840 | F118: 2098624894 | G118: 15788312 | H118: 6.73469 | I118: 22.4938 | J118: 8.26
A119: 3 | B119: Australia | C119: 1986 | D119: 1.8247202e+11 | E119: 27321628672 | F119: 5369760089 | G119: 16018350 | H119: 9.05035 | I119: 22.556 | J119: 8.08
A120: 3 | B120: Australia | C120: 1987 | D120: 1.8948782e+11 | E120: 29290629120 | F120: 5190522368 | G120: 16263874 | H120: 8.53302 | I120: 23.2122 | J120: 8.11
A121: 3 | B121: Australia | C121: 1988 | D121: 2.3615396e+11 | E121: 37674622976 | F121: 8476377088 | G121: 16532164 | H121: 7.21594 | I121: 23.13 | J121: 7.23
A122: 3 | B122: Australia | C122: 1989 | D122: 2.9987786e+11 | E122: 45334257664 | F122: 8023170407 | G122: 16814416 | H122: 7.5339 | I122: 22.6439 | J122: 6.18
A123: 3 | B123: Australia | C123: 1990 | D123: 3.1143363e+11 | E123: 47071950750 | F123: 8457776640 | G123: 17065128 | H123: 7.33302 | I123: 22.4295 | J123: 6.93
... A152: 3 | B152: Australia | C152: 2020 | D152: 1.3269011e+12 | E152: 318566000000 | F152: 18700681216 | G152: 25655289 | H152: 0.846906 | I152: 22.6119 | J152: 6.46
A153: 3 | B153: Australia | C153: 2021 | D153: 1.5526674e+12 | E153: 342754000000 | F153: 29126627328 | G153: 25688079 | H153: 2.86391 | J153: 5.12
A154: 4 | B154: Austria | C154: 1970 | D154: 1.5373006e+10 | E154: 4210936320 | F154: 112650000 | G154: 7467086 | H154: 4.37282 | J154: 2.4
A155: 4 | B155: Austria | C155: 1971 | D155: 1.7858486e+10 | E155: 4828105216 | F155: 142730000 | G155: 7500482 | H155: 4.70426 | J155: 1.5
...

Sheet After Inf>0
A1: Country_id | B1: Country | C1: year | D1: GDP | E1: FDInetinflows | F1: Population | G1: Inf.CPI | H1: Trade
A2: 1 | B2: Algeria | C2: 1970 | D2: 4.8634875e+09 | E2: 80120000 | F2: 13795915 | G2: 6.6
A3: 1 | B3: Algeria | C3: 1971 | D3: 5.0772224e+09 | E3: 600000 | F3: 14110271 | G3: 2.62664
A4: 1 | B4: Algeria | C4: 1972 | D4: 6.7667666e+09 | E4: 41490000 | F4: 14439748 | G4: 3.65631
A5: 1 | B5: Algeria | C5: 1973 | D5: 8.7078479e+09 | E5: 51000000 | F5: 14786469 | G5: 6.17284
A6: 1 | B6: Algeria | C6: 1974 | D6: 1.321003e+10 | E6: 358000000 | F6: 15153602 | G6: 4.69961
A7: 1 | B7: Algeria | C7: 1975 | D7: 1.5557934e+10 | E7: 119000000 | F7: 15724692 | G7: 8.23032
A8: 1 | B8: Algeria | C8: 1976 | D8: 1.7728347e+10 | E8: 187000000 | F8: 16500516 | G8: 9.43074
A9: 1 | B9: Algeria | C9: 1977 | D9: 2.0971901e+10 | E9: 178452647 | F9: 17134192 | G9: 11.9893
A10: 1 | B10: Algeria | C10: 1978 | D10: 2.6364491e+10 | E10: 135152172 | F10: 17632645 | G10: 17.5239
A11: 1 | B11: Algeria | C11: 1979 | D11: 3.3243422e+10 | E11: 25692486 | F11: 18166981 | G11: 11.3486
A12: 1 | B12: Algeria | C12: 1980 | D12: 4.2346381e+10 | E12: 348669038 | F12: 18739378 | G12: 9.51782
A13: 1 | B13: Algeria | C13: 1981 | D13: 4.4348673e+10 | E13: 13207259 | F13: 19351357 | G13: 14.6548
... A3628: 91 | B3628: Zimbabwe | C3628: 2021 | D3628: 2.8371239e+10 | E3628: 166000000 | F3628: 15993524 | G3628: 98.5461

Sheet Sheet2
A1: Country_id | B1: Country | C1: year | D1: GDP | E1: Log_gdp | F1: FDInetinflows | G1: Log_FDI | H1: Population | I1: Log_Pop | J1: Inf.CPI | K1: Log_inf
A2: 1 | B2: Algeria | C2: 1970 | D2: 4.8634875e+09 | E2: =LN(D2) -> 22.305022 | F2: 80120000 | G2: =LN(F2) -> 18.199036 | H2: 13795915 | I2: =LN(H2) -> 16.439883 | J2: 6.6 | K2: =LN(J2) -> 1.8870696
A3: 1 | B3: Algeria | C3: 1971 | D3: 5.0772224e+09 | E3: =LN(D3) -> 22.34803 | F3: 600000 | G3: =LN(F3) -> 13.304685 | H3: 14110271 | I3: =LN(H3) -> 16.462414 | J3: 2.62664 | K3: =LN(J3) -> 0.96570546
A4: 1 | B4: Algeria | C4: 1972 | D4: 6.7667666e+09 | E4: =LN(D4) -> 22.635289 | F4: 41490000 | G4: =LN(F4) -> 17.540963 | H4: 14439748 | I4: =LN(H4) -> 16.485495 | J4: 3.65631 | K4: =LN(J4) -> 1.2964544
A5: 1 | B5: Algeria | C5: 1973 | D5: 8.7078479e+09 | E5: =LN(D5) -> 22.887491 | F5: 51000000 | G5: =LN(F5) -> 17.747336 | H5: 14786469 | I5: =LN(H5) -> 16.509223 | J5: 6.17284 | K5: =LN(J5) -> 1.820159
A6: 1 | B6: Algeria | C6: 1974 | D6: 1.321003e+10 | E6: =LN(D6) -> 23.304242 | F6: 358000000 | G6: =LN(F6) -> 19.696044 | H6: 15153602 | I6: =LN(H6) -> 16.533749 | J6: 4.69961 | K6: =LN(J6) -> 1.5474795
A7: 1 | B7: Algeria | C7: 1975 | D7: 1.5557934e+10 | E7: =LN(D7) -> 23.467837 | F7: 119000000 | G7: =LN(F7) -> 18.594634 | H7: 15724692 | I7: =LN(H7) -> 16.570743 | J7: 8.23032 | K7: =LN(J7) -> 2.1078249
A8: 1 | B8: Algeria | C8: 1976 | D8: 1.7728347e+10 | E8: =LN(D8) -> 23.598431 | F8: 187000000 | G8: =LN(F8) -> 19.046619 | H8: 16500516 | I8: =LN(H8) -> 16.618902 | J8: 9.43074 | K8: =LN(J8) -> 2.2439746
A9: 1 | B9: Algeria | C9: 1977 | D9: 2.0971901e+10 | E9: =LN(D9) -> 23.766449 | F9: 178452647 | G9: =LN(F9) -> 18.999834 | H9: 17134192 | I9: =LN(H9) -> 16.656587 | J9: 11.9893 | K9: =LN(J9) -> 2.4840146
A10: 1 | B10: Algeria | C10: 1978 | D10: 2.6364491e+10 | E10: =LN(D10) -> 23.995284 | F10: 135152172 | G10: =LN(F10) -> 18.721912 | H10: 17632645 | I10: =LN(H10) -> 16.685263 | J10: 17.5239 | K10: =LN(J10) -> 2.8635657
A11: 1 | B11: Algeria | C11: 1979 | D11: 3.3243422e+10 | E11: =LN(D11) -> 24.227123 | F11: 25692486 | G11: =LN(F11) -> 17.061709 | H11: 18166981 | I11: =LN(H11) -> 16.715116 | J11: 11.3486 | K11: =LN(J11) -> 2.4290944
A12: 1 | B12: Algeria | C12: 1980 | D12: 4.2346381e+10 | E12: =LN(D12) -> 24.469149 | F12: 348669038 | G12: =LN(F12) -> 19.669634 | H12: 18739378 | I12: =LN(H12) -> 16.746138 | J12: 9.51782 | K12: =LN(J12) -> 2.2531658
A13: 1 | B13: Algeria | C13: 1981 | D13: 4.4348673e+10 | E13: =LN(D13) -> 24.515349 | F13: 13207259 | G13: =LN(F13) -> 16.396277 | H13: 19351357 | I13: =LN(H13) -> 16.778273 | J13: 14.6548 | K13: =LN(J13) -> 2.6847679
... A3628: 91 | B3628: Zimbabwe | C3628: 2021 | D3628: 2.8371239e+10 | E3628: =LN(D3628) -> 24.068642 | F3628: 166000000 | G3628: =LN(F3628) -> 18.927498 | H3628: 15993524 | I3628: =LN(H3628) -> 16.587694 | J3628: 98.5461 | K3628: =LN(J3628) -> 4.5905245

Sheet Final_data
A1: Country_id | B1: Country | C1: year | D1: Log_gdp | E1: Log_FDI | F1: Log_Pop | G1: Log_inf
A2: 1 | B2: Algeria | C2: 1970 | D2: 22.305022 | E2: 18.199036 | F2: 16.439883 | G2: 1.8870696
A3: 1 | B3: Algeria | C3: 1971 | D3: 22.34803 | E3: 13.304685 | F3: 16.462414 | G3: 0.96570546
A4: 1 | B4: Algeria | C4: 1972 | D4: 22.635289 | E4: 17.540963 | F4: 16.485495 | G4: 1.2964544
A5: 1 | B5: Algeria | C5: 1973 | D5: 22.887491 | E5: 17.747336 | F5: 16.509223 | G5: 1.820159
A6: 1 | B6: Algeria | C6: 1974 | D6: 23.304242 | E6: 19.696044 | F6: 16.533749 | G6: 1.5474795
A7: 1 | B7: Algeria | C7: 1975 | D7: 23.467837 | E7: 18.594634 | F7: 16.570743 | G7: 2.1078249
A8: 1 | B8: Algeria | C8: 1976 | D8: 23.598431 | E8: 19.046619 | F8: 16.618902 | G8: 2.2439746
A9: 1 | B9: Algeria | C9: 1977 | D9: 23.766449 | E9: 18.999834 | F9: 16.656587 | G9: 2.4840146
A10: 1 | B10: Algeria | C10: 1978 | D10: 23.995284 | E10: 18.721912 | F10: 16.685263 | G10: 2.8635657
A11: 1 | B11: Algeria | C11: 1979 | D11: 24.227123 | E11: 17.061709 | F11: 16.715116 | G11: 2.4290944
A12: 1 | B12: Algeria | C12: 1980 | D12: 24.469149 | E12: 19.669634 | F12: 16.746138 | G12: 2.2531658
A13: 1 | B13: Algeria | C13: 1981 | D13: 24.515349 | E13: 16.396277 | F13: 16.778273 | G13: 2.6847679
... A3628: 88 | B3628: Zimbabwe | C3628: 2021 | D3628: 24.068642 | E3628: 18.927498 | F3628: 16.587694 | G3628: 4.5905245

Sheet Sheet1
A1: Trade Openness
A2: 51.2254 | B2: =VLOOKUP(Final_data!C2:C51, [2]Sheet2!$B$136:$B$187, 1,) -> 1970
A3: 46.1063 | B3: =VLOOKUP(Final_data!C3:C52, [2]Sheet2!$B$136:$B$187, 1,) -> 1971
A4: 46.1764 | B4: =VLOOKUP(Final_data!C4:C53, [2]Sheet2!$B$136:$B$187, 1,) -> 1972
A5: 57.0934 | B5: =VLOOKUP(Final_data!C5:C54, [2]Sheet2!$B$136:$B$187, 1,) -> 1973
A6: 74.2388 | B6: =VLOOKUP(Final_data!C6:C55, [2]Sheet2!$B$136:$B$187, 1,) -> 1974
A7: 76.6545 | B7: =VLOOKUP(Final_data!C7:C56, [2]Sheet2!$B$136:$B$187, 1,) -> 1975
A8: 70.1733 | B8: =VLOOKUP(Final_data!C8:C57, [2]Sheet2!$B$136:$B$187, 1,) -> 1976
A9: 72.3269 | B9: =VLOOKUP(Final_data!C9:C58, [2]Sheet2!$B$136:$B$187, 1,) -> 1977
A10: 65.7046 | B10: =VLOOKUP(Final_data!C10:C59, [2]Sheet2!$B$136:$B$187, 1,) -> 1978
A11: 64.014 | B11: =VLOOKUP(Final_data!C11:C60, [2]Sheet2!$B$136:$B$187, 1,) -> 1979
A12: 64.6769 | B12: =VLOOKUP(Final_data!C12:C61, [2]Sheet2!$B$136:$B$187, 1,) -> 1980
A13: 65.465 | B13: =VLOOKUP(Final_data!C13:C62, [2]Sheet2!$B$136:$B$187, 1,) -> 1981
... A51: 52.9701 | B51: =VLOOKUP(Final_data!C51:C100, [2]Sheet2!$B$136:$B$187, 1,) -> 2021
A52: 26.1536
A53: 25.5548
A54: 24.7576
A55: 25.132
A56: 26.3229
A57: 28.9702
A58: 26.8629
A59: 28.6308
A60: 28.1778
A61: 29.6242
A62: 32.299
A63: 31.6041
... A112: 63.3172
A113: 66.825 | B113: =VLOOKUP(Final_data!C113:C162, [2]Sheet2!$B$136:$B$187, 1,) -> 1980
A114: 68.3966 | B114: =VLOOKUP(Final_data!C114:C163, [2]Sheet2!$B$136:$B$187, 1,) -> 1981
A115: 64.1171 | B115: =VLOOKUP(Final_data!C115:C164, [2]Sheet2!$B$136:$B$187, 1,) -> 1982
A116: 62.4722 | B116: =VLOOKUP(Final_data!C116:C165, [2]Sheet2!$B$136:$B$187, 1,) -> 1983
A117: 66.575 | B117: =VLOOKUP(Final_data!C117:C166, [2]Sheet2!$B$136:$B$187, 1,) -> 1984
A118: 70.0832 | B118: =VLOOKUP(Final_data!C118:C167, [2]Sheet2!$B$136:$B$187, 1,) -> 1985
A119: 64.0146 | B119: =VLOOKUP(Final_data!C119:C168, [2]Sheet2!$B$136:$B$187, 1,) -> 1986
A120: 62.8537 | B120: =VLOOKUP(Final_data!C120:C169, [2]Sheet2!$B$136:$B$187, 1,) -> 1987
A121: 66.5625 | B121: =VLOOKUP(Final_data!C121:C170, [2]Sheet2!$B$136:$B$187, 1,) -> 1988
A122: 70.5384 | B122: =VLOOKUP(Final_data!C122:C171, [2]Sheet2!$B$136:$B$187, 1,) -> 1989
A123: 71.4884 | B123: =VLOOKUP(Final_data!C123:C172, [2]Sheet2!$B$136:$B$187, 1,) -> 1990
A124: 70.0484 | B124: =VLOOKUP(Final_data!C124:C173, [2]Sheet2!$B$136:$B$187, 1,) -> 1991
... A373: 94.4795 | B373: =VLOOKUP(Final_data!C373:C422, [2]Sheet2!$B$136:$B$187, 1,) -> 2021
B374: =VLOOKUP(Final_data!C374:C423, [2]Sheet2!$B$136:$B$187, 1,) -> 1981
B375: =VLOOKUP(Final_data!C375:C424, [2]Sheet2!$B$136:$B$187, 1,) -> 1982
B376: =VLOOKUP(Final_data!C376:C425, [2]Sheet2!$B$136:$B$187, 1,) -> 1983
B377: =VLOOKUP(Final_data!C377:C426, [2]Sheet2!$B$136:$B$187, 1,) -> 1984
B378: =VLOOKUP(Final_data!C378:C427, [2]Sheet2!$B$136:$B$187, 1,) -> 1985
B379: =VLOOKUP(Final_data!C379:C428, [2]Sheet2!$B$136:$B$187, 1,) -> 1986
B380: =VLOOKUP(Final_data!C380:C429, [2]Sheet2!$B$136:$B$187, 1,) -> 1987
B381: =VLOOKUP(Final_data!C381:C430, [2]Sheet2!$B$136:$B$187, 1,) -> 1988
B382: =VLOOKUP(Final_data!C382:C431, [2]Sheet2!$B$136:$B$187, 1,) -> 1989
B383: =VLOOKUP(Final_data!C383:C432, [2]Sheet2!$B$136:$B$187, 1,) -> 1990
B384: =VLOOKUP(Final_data!C384:C433, [2]Sheet2!$B$136:$B$187, 1,) -> 1991
B385: =VLOOKUP(Final_data!C385:C434, [2]Sheet2!$B$136:$B$187, 1,) -> 1992
... B3628: =VLOOKUP(Final_data!C3628:C3677, [2]Sheet2!$B$136:$B$187, 1,) -> 2021

Sheet Sheet3
